{"cameraMode":{"drawMode":0,"name":"Shaded","section":"Shading Mode"},"sceneLighting":false,"audioPlay":false,"sceneViewState":{"m_AlwaysRefresh":true,"showFog":false,"showSkybox":false,"showFlares":true,"showImageEffects":true,"showParticleSystems":true,"showVisualEffectGraphs":true,"m_FxEnabled":true},"in2DMode":false,"pivot":{"x":0.1949213147163391,"y":0.9444061517715454,"z":0.40678322315216067},"rotation":{"x":0.021848931908607484,"y":0.977448046207428,"z":-0.16608525812625886,"w":0.12858518958091737},"size":1.8526544570922852,"orthographic":false}