{"cameraMode":{"drawMode":0,"name":"Shaded","section":"Shading Mode"},"sceneLighting":false,"audioPlay":false,"sceneViewState":{"m_AlwaysRefresh":false,"showFog":true,"showSkybox":false,"showFlares":true,"showImageEffects":true,"showParticleSystems":true,"showVisualEffectGraphs":true,"m_FxEnabled":true},"in2DMode":false,"pivot":{"x":65.75725555419922,"y":-16.638042449951173,"z":36.965606689453128},"rotation":{"x":0.16336825489997865,"y":0.49874284863471987,"z":-0.09633462131023407,"w":0.8457566499710083},"size":61.027069091796878,"orthographic":false}