{"cameraMode":{"drawMode":0,"name":"Shaded","section":"Shading Mode"},"sceneLighting":false,"audioPlay":false,"sceneViewState":{"m_AlwaysRefresh":false,"showFog":true,"showSkybox":false,"showFlares":true,"showImageEffects":true,"showParticleSystems":true,"showVisualEffectGraphs":true,"m_FxEnabled":true},"in2DMode":false,"pivot":{"x":-0.6637524962425232,"y":-0.16123497486114503,"z":1.4964003562927247},"rotation":{"x":0.2022327333688736,"y":-0.20920327305793763,"z":0.04431994631886482,"w":0.9558022618293762},"size":1.864078402519226,"orthographic":false}