{"cameraMode":{"drawMode":0,"name":"Shaded","section":"Shading Mode"},"sceneLighting":false,"audioPlay":false,"sceneViewState":{"m_AlwaysRefresh":true,"showFog":true,"showSkybox":false,"showFlares":true,"showImageEffects":true,"showParticleSystems":true,"showVisualEffectGraphs":true,"m_FxEnabled":true},"in2DMode":false,"pivot":{"x":0.009443044662475586,"y":0.15372395515441895,"z":0.0669754147529602},"rotation":{"x":-0.07332015037536621,"y":-0.8380520343780518,"z":-0.11639536917209625,"w":0.5279834270477295},"size":1.2000173330307007,"orthographic":false}