{"cameraMode":{"drawMode":0,"name":"Shaded","section":"Shading Mode"},"sceneLighting":false,"audioPlay":false,"sceneViewState":{"m_AlwaysRefresh":true,"showFog":false,"showSkybox":false,"showFlares":true,"showImageEffects":true,"showParticleSystems":true,"showVisualEffectGraphs":true,"m_FxEnabled":true},"in2DMode":false,"pivot":{"x":0.03280067443847656,"y":4.566553115844727,"z":0.019495010375976564},"rotation":{"x":-0.1596747785806656,"y":0.11197969317436218,"z":-0.018228376284241678,"w":-0.98063725233078},"size":4.296823978424072,"orthographic":false}