{"cameraMode":{"drawMode":0,"name":"Shaded","section":"Shading Mode"},"sceneLighting":false,"audioPlay":false,"sceneViewState":{"m_AlwaysRefresh":false,"showFog":true,"showSkybox":false,"showFlares":true,"showImageEffects":true,"showParticleSystems":true,"showVisualEffectGraphs":true,"m_FxEnabled":true},"in2DMode":false,"pivot":{"x":-6.267609596252441,"y":0.32523369789123537,"z":-6.140683650970459},"rotation":{"x":0.016215631738305093,"y":-0.9808871150016785,"z":0.09334561973810196,"w":0.1702803522348404},"size":2.598076105117798,"orthographic":false}