{"cameraMode":{"drawMode":0,"name":"Shaded","section":"Shading Mode"},"sceneLighting":false,"audioPlay":false,"sceneViewState":{"m_AlwaysRefresh":false,"showFog":true,"showSkybox":false,"showFlares":true,"showImageEffects":true,"showParticleSystems":true,"showVisualEffectGraphs":true,"m_FxEnabled":true},"in2DMode":false,"pivot":{"x":-8.281377792358399,"y":2.2952077388763429,"z":-7.243053436279297},"rotation":{"x":0.0006439267308451235,"y":0.9948111176490784,"z":-0.006277185864746571,"w":0.10180720686912537},"size":3.586390495300293,"orthographic":false}