{"cameraMode":{"drawMode":0,"name":"Shaded","section":"Shading Mode"},"sceneLighting":true,"audioPlay":false,"sceneViewState":{"m_AlwaysRefresh":true,"showFog":true,"showSkybox":true,"showFlares":true,"showImageEffects":true,"showParticleSystems":true,"showVisualEffectGraphs":true,"m_FxEnabled":true},"in2DMode":false,"pivot":{"x":-2.3105688095092775,"y":0.9864721298217773,"z":0.8911522626876831},"rotation":{"x":0.015050144866108895,"y":-0.9725223779678345,"z":0.2232161909341812,"w":0.06604066491127014},"size":0.39999979734420779,"orthographic":false}