{"cameraMode":{"drawMode":0,"name":"Shaded","section":"Shading Mode"},"sceneLighting":true,"audioPlay":false,"sceneViewState":{"m_AlwaysRefresh":true,"showFog":true,"showSkybox":true,"showFlares":true,"showImageEffects":true,"showParticleSystems":true,"showVisualEffectGraphs":true,"m_FxEnabled":true},"in2DMode":false,"pivot":{"x":25.30829429626465,"y":-137.35943603515626,"z":89.19794464111328},"rotation":{"x":-0.5413259267807007,"y":0.017125068232417108,"z":-0.011016790755093098,"w":-0.840644359588623},"size":175.32752990722657,"orthographic":false}