{"cameraMode":{"drawMode":0,"name":"Shaded","section":"Shading Mode"},"sceneLighting":false,"audioPlay":false,"sceneViewState":{"m_AlwaysRefresh":true,"showFog":true,"showSkybox":true,"showFlares":true,"showImageEffects":true,"showParticleSystems":true,"showVisualEffectGraphs":true,"m_FxEnabled":true},"in2DMode":false,"pivot":{"x":23.092092514038087,"y":-2.2739152908325197,"z":57.384246826171878},"rotation":{"x":0.18117670714855195,"y":-0.7833800315856934,"z":0.26731711626052859,"w":0.5311347842216492},"size":12.21409797668457,"orthographic":false}