{"cameraMode":{"drawMode":0,"name":"Shaded","section":"Shading Mode"},"sceneLighting":false,"audioPlay":false,"sceneViewState":{"m_AlwaysRefresh":true,"showFog":true,"showSkybox":true,"showFlares":true,"showImageEffects":true,"showParticleSystems":true,"showVisualEffectGraphs":true,"m_FxEnabled":true},"in2DMode":false,"pivot":{"x":30.52324676513672,"y":27.618879318237306,"z":45.996246337890628},"rotation":{"x":0.16167840361595155,"y":0.6782286167144775,"z":-0.15717843174934388,"w":0.6996461749076843},"size":0.033974409103393558,"orthographic":false}