{"cameraMode":{"drawMode":0,"name":"Shaded","section":"Shading Mode"},"sceneLighting":true,"audioPlay":false,"sceneViewState":{"m_AlwaysRefresh":true,"showFog":true,"showSkybox":true,"showFlares":true,"showImageEffects":true,"showParticleSystems":true,"showVisualEffectGraphs":true,"m_FxEnabled":true},"in2DMode":false,"pivot":{"x":22.998992919921876,"y":-29.16551971435547,"z":24.666595458984376},"rotation":{"x":0.657379686832428,"y":-0.021720001474022867,"z":0.01923001930117607,"w":0.7531620860099793},"size":39.16120147705078,"orthographic":false}