{"cameraMode":{"drawMode":0,"name":"Shaded","section":"Shading Mode"},"sceneLighting":false,"audioPlay":false,"sceneViewState":{"m_AlwaysRefresh":true,"showFog":true,"showSkybox":true,"showFlares":true,"showImageEffects":true,"showParticleSystems":true,"showVisualEffectGraphs":true,"m_FxEnabled":true},"in2DMode":false,"pivot":{"x":39.94342803955078,"y":5.004345417022705,"z":27.89302635192871},"rotation":{"x":0.02860613912343979,"y":0.9698875546455383,"z":-0.19554835557937623,"w":0.14354343712329865},"size":10.189135551452637,"orthographic":false}