{"cameraMode":{"drawMode":0,"name":"Shaded","section":"Shading Mode"},"sceneLighting":true,"audioPlay":false,"sceneViewState":{"m_AlwaysRefresh":false,"showFog":true,"showSkybox":true,"showFlares":true,"showImageEffects":true,"showParticleSystems":true,"showVisualEffectGraphs":true,"m_FxEnabled":true},"in2DMode":false,"pivot":{"x":12.699068069458008,"y":-130.31637573242188,"z":-147.32882690429688},"rotation":{"x":-0.01191911194473505,"y":0.944333553314209,"z":-0.32703298330307009,"w":-0.03459993004798889},"size":146.34176635742188,"orthographic":false}