{"cameraMode":{"drawMode":0,"name":"Shaded","section":"Shading Mode"},"sceneLighting":true,"audioPlay":false,"sceneViewState":{"m_AlwaysRefresh":true,"showFog":true,"showSkybox":true,"showFlares":true,"showImageEffects":true,"showParticleSystems":true,"showVisualEffectGraphs":true,"m_FxEnabled":true},"in2DMode":false,"pivot":{"x":101.57936096191406,"y":-274.24261474609377,"z":185.06304931640626},"rotation":{"x":0.3937875032424927,"y":0.2093840092420578,"z":-0.09271275252103806,"w":0.8904405832290649},"size":255.3321990966797,"orthographic":false}