{"cameraMode":{"drawMode":0,"name":"Shaded","section":"Shading Mode"},"sceneLighting":true,"audioPlay":false,"sceneViewState":{"m_AlwaysRefresh":true,"showFog":true,"showSkybox":true,"showFlares":true,"showImageEffects":true,"showParticleSystems":true,"showVisualEffectGraphs":true,"m_FxEnabled":true},"in2DMode":false,"pivot":{"x":20.68419075012207,"y":-131.54795837402345,"z":56.299598693847659},"rotation":{"x":-0.6005395650863648,"y":0.0034906831569969656,"z":-0.0027101922314614059,"w":-0.7997161149978638},"size":92.82735443115235,"orthographic":false}