{"cameraMode":{"drawMode":0,"name":"Shaded","section":"Shading Mode"},"sceneLighting":true,"audioPlay":false,"sceneViewState":{"m_AlwaysRefresh":true,"showFog":true,"showSkybox":true,"showFlares":true,"showImageEffects":true,"showParticleSystems":true,"showVisualEffectGraphs":true,"m_FxEnabled":true},"in2DMode":false,"pivot":{"x":87.68856811523438,"y":-174.3413543701172,"z":196.40237426757813},"rotation":{"x":0.3564002811908722,"y":0.24916598200798036,"z":-0.09930481016635895,"w":0.8952252268791199},"size":152.13833618164063,"orthographic":false}