{"cameraMode":{"drawMode":0,"name":"Shaded","section":"Shading Mode"},"sceneLighting":false,"audioPlay":false,"sceneViewState":{"m_AlwaysRefresh":true,"showFog":true,"showSkybox":true,"showFlares":true,"showImageEffects":true,"showParticleSystems":true,"showVisualEffectGraphs":true,"m_FxEnabled":true},"in2DMode":false,"pivot":{"x":-72.25473022460938,"y":-76.53587341308594,"z":-61.50030517578125},"rotation":{"x":0.43039703369140627,"y":-0.007870571687817574,"z":0.0036035010125488044,"w":0.9027014374732971},"size":203.64883422851563,"orthographic":false}