{"cameraMode":{"drawMode":0,"name":"Shaded","section":"Shading Mode"},"sceneLighting":true,"audioPlay":false,"sceneViewState":{"m_AlwaysRefresh":true,"showFog":true,"showSkybox":true,"showFlares":true,"showImageEffects":true,"showParticleSystems":true,"showVisualEffectGraphs":true,"m_FxEnabled":true},"in2DMode":false,"pivot":{"x":0.1793094277381897,"y":-0.012881159782409668,"z":-0.29391682147979739},"rotation":{"x":0.07289054244756699,"y":0.8926987051963806,"z":-0.15642371773719788,"w":0.4168020486831665},"size":1.7506427764892579,"orthographic":false}