{"cameraMode":{"drawMode":0,"name":"Shaded","section":"Shading Mode"},"sceneLighting":true,"audioPlay":false,"sceneViewState":{"m_AlwaysRefresh":true,"showFog":true,"showSkybox":true,"showFlares":true,"showImageEffects":true,"showParticleSystems":true,"showVisualEffectGraphs":true,"m_FxEnabled":true},"in2DMode":false,"pivot":{"x":13.03005599975586,"y":-27.818761825561525,"z":-15.471759796142579},"rotation":{"x":0.11258826404809952,"y":0.8871912956237793,"z":-0.3273449242115021,"w":0.3057389557361603},"size":41.951263427734378,"orthographic":false}