{"cameraMode":{"drawMode":0,"name":"Shaded","section":"Shading Mode"},"sceneLighting":false,"audioPlay":false,"sceneViewState":{"m_AlwaysRefresh":true,"showFog":true,"showSkybox":true,"showFlares":true,"showImageEffects":true,"showParticleSystems":true,"showVisualEffectGraphs":true,"m_FxEnabled":true},"in2DMode":false,"pivot":{"x":31.803478240966798,"y":-7.543979644775391,"z":49.42399215698242},"rotation":{"x":0.25174227356910708,"y":0.19296197593212129,"z":-0.051249176263809207,"w":0.9470106363296509},"size":12.867645263671875,"orthographic":false}