{"cameraMode":{"drawMode":0,"name":"Shaded","section":"Shading Mode"},"sceneLighting":true,"audioPlay":false,"sceneViewState":{"m_AlwaysRefresh":true,"showFog":true,"showSkybox":true,"showFlares":true,"showImageEffects":true,"showParticleSystems":true,"showVisualEffectGraphs":true,"m_FxEnabled":true},"in2DMode":false,"pivot":{"x":21.628875732421876,"y":23.163055419921876,"z":35.96776580810547},"rotation":{"x":0.4992856979370117,"y":0.46386757493019106,"z":-0.36533913016319277,"w":0.6343891620635986},"size":249.26756286621095,"orthographic":false}