{"cameraMode":{"drawMode":0,"name":"Shaded","section":"Shading Mode"},"sceneLighting":true,"audioPlay":false,"sceneViewState":{"m_AlwaysRefresh":false,"showFog":true,"showSkybox":true,"showFlares":true,"showImageEffects":true,"showParticleSystems":true,"showVisualEffectGraphs":true,"m_FxEnabled":true},"in2DMode":false,"pivot":{"x":-3.667609453201294,"y":2.3032517433166506,"z":5.709316253662109},"rotation":{"x":0.06911826133728028,"y":0.9276725649833679,"z":-0.2156011164188385,"w":0.29703518748283389},"size":1.9840890169143677,"orthographic":false}