{"cameraMode":{"drawMode":0,"name":"Shaded","section":"Shading Mode"},"sceneLighting":true,"audioPlay":false,"sceneViewState":{"m_AlwaysRefresh":true,"showFog":true,"showSkybox":true,"showFlares":true,"showImageEffects":true,"showParticleSystems":true,"showVisualEffectGraphs":true,"m_FxEnabled":true},"in2DMode":false,"pivot":{"x":30.917255401611329,"y":-0.1107320785522461,"z":28.66574478149414},"rotation":{"x":-0.11043339967727661,"y":-0.8780515193939209,"z":0.24471864104270936,"w":-0.3962215781211853},"size":10.846677780151368,"orthographic":false}