{"cameraMode":{"drawMode":0,"name":"Shaded","section":"Shading Mode"},"sceneLighting":true,"audioPlay":false,"sceneViewState":{"m_AlwaysRefresh":true,"showFog":true,"showSkybox":true,"showFlares":true,"showImageEffects":true,"showParticleSystems":true,"showVisualEffectGraphs":true,"m_FxEnabled":true},"in2DMode":false,"pivot":{"x":26.007606506347658,"y":21.014976501464845,"z":15.347235679626465},"rotation":{"x":0.33946728706359866,"y":0.5990341305732727,"z":-0.3099741041660309,"w":0.6557663679122925},"size":7.030308723449707,"orthographic":false}