{"cameraMode":{"drawMode":0,"name":"Shaded","section":"Shading Mode"},"sceneLighting":true,"audioPlay":false,"sceneViewState":{"m_AlwaysRefresh":false,"showFog":true,"showSkybox":true,"showFlares":true,"showImageEffects":true,"showParticleSystems":true,"showVisualEffectGraphs":true,"m_FxEnabled":true},"in2DMode":false,"pivot":{"x":-5.575094699859619,"y":-1.4628403186798096,"z":16.289047241210939},"rotation":{"x":0.0715898871421814,"y":-0.16703027486801148,"z":0.012263274751603604,"w":0.983280599117279},"size":11.273709297180176,"orthographic":false}