{"cameraMode":{"drawMode":0,"name":"Shaded","section":"Shading Mode"},"sceneLighting":true,"audioPlay":false,"sceneViewState":{"m_AlwaysRefresh":false,"showFog":true,"showSkybox":true,"showFlares":true,"showImageEffects":true,"showParticleSystems":true,"showVisualEffectGraphs":true,"m_FxEnabled":true},"in2DMode":false,"pivot":{"x":25.46198272705078,"y":-72.50335693359375,"z":42.24995040893555},"rotation":{"x":0.6953434348106384,"y":-0.0010780186858028174,"z":0.0010430073598399759,"w":0.7186769247055054},"size":141.39962768554688,"orthographic":false}