{"cameraMode":{"drawMode":0,"name":"Shaded","section":"Shading Mode"},"sceneLighting":true,"audioPlay":false,"sceneViewState":{"m_AlwaysRefresh":true,"showFog":true,"showSkybox":true,"showFlares":true,"showImageEffects":true,"showParticleSystems":true,"showVisualEffectGraphs":true,"m_FxEnabled":true},"in2DMode":false,"pivot":{"x":24.820499420166017,"y":-23.585220336914064,"z":66.10101318359375},"rotation":{"x":0.4859755337238312,"y":-0.02122056670486927,"z":0.011774147860705853,"w":0.8737084269523621},"size":59.53444290161133,"orthographic":false}