{"cameraMode":{"drawMode":0,"name":"Shaded","section":"Shading Mode"},"sceneLighting":true,"audioPlay":false,"sceneViewState":{"m_AlwaysRefresh":true,"showFog":true,"showSkybox":true,"showFlares":true,"showImageEffects":true,"showParticleSystems":true,"showVisualEffectGraphs":true,"m_FxEnabled":true},"in2DMode":false,"pivot":{"x":-26.270000457763673,"y":2.360398769378662,"z":0.31560707092285159},"rotation":{"x":0.12289067357778549,"y":0.8621678352355957,"z":-0.2507050633430481,"w":0.42323893308639529},"size":149.57052612304688,"orthographic":false}