{"cameraMode":{"drawMode":0,"name":"Shaded","section":"Shading Mode"},"sceneLighting":false,"audioPlay":false,"sceneViewState":{"m_AlwaysRefresh":true,"showFog":true,"showSkybox":true,"showFlares":true,"showImageEffects":true,"showParticleSystems":true,"showVisualEffectGraphs":true,"m_FxEnabled":true},"in2DMode":false,"pivot":{"x":196.59078979492188,"y":-155.10177612304688,"z":143.65924072265626},"rotation":{"x":0.2988668382167816,"y":0.43143340945243838,"z":-0.15407511591911317,"w":0.8372169733047485},"size":174.26405334472657,"orthographic":false}