{"cameraMode":{"drawMode":0,"name":"Shaded","section":"Shading Mode"},"sceneLighting":false,"audioPlay":false,"sceneViewState":{"m_AlwaysRefresh":true,"showFog":true,"showSkybox":true,"showFlares":true,"showImageEffects":true,"showParticleSystems":true,"showVisualEffectGraphs":true,"m_FxEnabled":true},"in2DMode":false,"pivot":{"x":39.253597259521487,"y":-13.763875007629395,"z":45.42860794067383},"rotation":{"x":0.3144007623195648,"y":0.35757189989089968,"z":-0.1291961818933487,"w":0.8698657751083374},"size":12.007169723510743,"orthographic":false}