{"cameraMode":{"drawMode":0,"name":"Shaded","section":"Shading Mode"},"sceneLighting":true,"audioPlay":false,"sceneViewState":{"m_AlwaysRefresh":true,"showFog":true,"showSkybox":true,"showFlares":true,"showImageEffects":true,"showParticleSystems":true,"showVisualEffectGraphs":true,"m_FxEnabled":true},"in2DMode":false,"pivot":{"x":29.049209594726564,"y":2.4258480072021486,"z":35.13045120239258},"rotation":{"x":-0.06018282100558281,"y":-0.8225367069244385,"z":0.0883675143122673,"w":-0.5587620139122009},"size":0.7999998927116394,"orthographic":false}