{"cameraMode":{"drawMode":0,"name":"Shaded","section":"Shading Mode"},"sceneLighting":false,"audioPlay":false,"sceneViewState":{"m_AlwaysRefresh":true,"showFog":true,"showSkybox":true,"showFlares":true,"showImageEffects":true,"showParticleSystems":true,"showVisualEffectGraphs":true,"m_FxEnabled":true},"in2DMode":false,"pivot":{"x":38.288299560546878,"y":-10.395976066589356,"z":50.27568817138672},"rotation":{"x":0.22073525190353394,"y":0.4009286165237427,"z":-0.10012105852365494,"w":0.8834996223449707},"size":20.72564697265625,"orthographic":false}