{"cameraMode":{"drawMode":0,"name":"Shaded","section":"Shading Mode"},"sceneLighting":true,"audioPlay":false,"sceneViewState":{"m_AlwaysRefresh":true,"showFog":true,"showSkybox":true,"showFlares":true,"showImageEffects":true,"showParticleSystems":true,"showVisualEffectGraphs":true,"m_FxEnabled":true},"in2DMode":false,"pivot":{"x":8.630523681640625,"y":3.5006179809570314,"z":34.238128662109378},"rotation":{"x":-0.41621559858322146,"y":-0.07433603703975678,"z":0.03416619449853897,"w":-0.9055998921394348},"size":35.61887741088867,"orthographic":false}