{"cameraMode":{"drawMode":0,"name":"Shaded","section":"Shading Mode"},"sceneLighting":false,"audioPlay":false,"sceneViewState":{"m_AlwaysRefresh":true,"showFog":false,"showSkybox":false,"showFlares":true,"showImageEffects":true,"showParticleSystems":true,"showVisualEffectGraphs":true,"m_FxEnabled":true},"in2DMode":false,"pivot":{"x":-0.4049568176269531,"y":0.176899254322052,"z":-0.0008339881896972656},"rotation":{"x":-0.1596747785806656,"y":0.11197969317436218,"z":-0.018228376284241678,"w":-0.98063725233078},"size":2.3350026607513429,"orthographic":false}