{"cameraMode":{"drawMode":0,"name":"Shaded","section":"Shading Mode"},"sceneLighting":false,"audioPlay":false,"sceneViewState":{"m_AlwaysRefresh":false,"showFog":true,"showSkybox":false,"showFlares":true,"showImageEffects":true,"showParticleSystems":true,"showVisualEffectGraphs":true,"m_FxEnabled":true},"in2DMode":false,"pivot":{"x":-5.4774041175842289,"y":0.9048948884010315,"z":-6.279372692108154},"rotation":{"x":0.09614776819944382,"y":-0.7238298058509827,"z":0.10302155464887619,"w":0.6755167245864868},"size":1.7817445993423463,"orthographic":false}