{"cameraMode":{"drawMode":0,"name":"Shaded","section":"Shading Mode"},"sceneLighting":false,"audioPlay":false,"sceneViewState":{"m_AlwaysRefresh":false,"showFog":false,"showSkybox":false,"showFlares":true,"showImageEffects":true,"showParticleSystems":true,"showVisualEffectGraphs":true,"m_FxEnabled":true},"in2DMode":false,"pivot":{"x":34.234092712402347,"y":0.5581121444702148,"z":40.980323791503909},"rotation":{"x":-0.03519223630428314,"y":-0.7774444818496704,"z":0.04366600885987282,"w":-0.6265133023262024},"size":2.3932852745056154,"orthographic":false}