{"cameraMode":{"drawMode":0,"name":"Shaded","section":"Shading Mode"},"sceneLighting":false,"audioPlay":false,"sceneViewState":{"m_AlwaysRefresh":true,"showFog":true,"showSkybox":false,"showFlares":true,"showImageEffects":true,"showParticleSystems":true,"showVisualEffectGraphs":true,"m_FxEnabled":true},"in2DMode":false,"pivot":{"x":2.278643846511841,"y":2.406714916229248,"z":-0.32371124625205996},"rotation":{"x":0.3037149906158447,"y":-0.6269125938415527,"z":0.290177583694458,"w":0.6561684608459473},"size":0.000017320508050033823,"orthographic":false}