{"cameraMode":{"drawMode":0,"name":"Shaded","section":"Shading Mode"},"sceneLighting":false,"audioPlay":false,"sceneViewState":{"m_AlwaysRefresh":true,"showFog":true,"showSkybox":false,"showFlares":true,"showImageEffects":true,"showParticleSystems":true,"showVisualEffectGraphs":true,"m_FxEnabled":true},"in2DMode":false,"pivot":{"x":0.13278555870056153,"y":0.4515722692012787,"z":3.1183056831359865},"rotation":{"x":0.07652430981397629,"y":-0.4987640976905823,"z":0.04423070326447487,"w":0.8622482419013977},"size":1.7716329097747803,"orthographic":false}