{"cameraMode":{"drawMode":0,"name":"Shaded","section":"Shading Mode"},"sceneLighting":false,"audioPlay":false,"sceneViewState":{"m_AlwaysRefresh":true,"showFog":true,"showSkybox":false,"showFlares":true,"showImageEffects":true,"showParticleSystems":true,"showVisualEffectGraphs":true,"m_FxEnabled":true},"in2DMode":false,"pivot":{"x":-0.1546257883310318,"y":0.1223156750202179,"z":2.9280614852905275},"rotation":{"x":0.18946786224842072,"y":-0.6976783871650696,"z":0.19986356794834138,"w":0.6613772511482239},"size":0.8735272288322449,"orthographic":false}