{"cameraMode":{"drawMode":0,"name":"Shaded","section":"Shading Mode"},"sceneLighting":true,"audioPlay":false,"sceneViewState":{"m_AlwaysRefresh":true,"showFog":false,"showSkybox":true,"showFlares":true,"showImageEffects":true,"showParticleSystems":true,"showVisualEffectGraphs":true,"m_FxEnabled":true},"in2DMode":false,"pivot":{"x":326.92034912109377,"y":-150.74497985839845,"z":186.65907287597657},"rotation":{"x":-0.21289858222007752,"y":-0.43834009766578677,"z":0.1076989695429802,"w":-0.8665752410888672},"size":166.9005889892578,"orthographic":false}