{"cameraMode":{"drawMode":0,"name":"Shaded","section":"Shading Mode"},"sceneLighting":true,"audioPlay":false,"sceneViewState":{"m_AlwaysRefresh":false,"showFog":true,"showSkybox":true,"showFlares":true,"showImageEffects":true,"showParticleSystems":true,"showVisualEffectGraphs":true,"m_FxEnabled":true},"in2DMode":false,"pivot":{"x":17.405370712280275,"y":-13.781588554382325,"z":70.10358428955078},"rotation":{"x":-0.35922476649284365,"y":0.4442872107028961,"z":-0.20106147229671479,"w":-0.7958811521530151},"size":11.051827430725098,"orthographic":false}