{"cameraMode":{"drawMode":0,"name":"Shaded","section":"Shading Mode"},"sceneLighting":true,"audioPlay":false,"sceneViewState":{"m_AlwaysRefresh":true,"showFog":false,"showSkybox":true,"showFlares":true,"showImageEffects":true,"showParticleSystems":true,"showVisualEffectGraphs":true,"m_FxEnabled":true},"in2DMode":false,"pivot":{"x":130.87002563476563,"y":137.77378845214845,"z":-99.01471710205078},"rotation":{"x":-0.15183387696743012,"y":0.43902015686035159,"z":-0.07554247975349426,"w":-0.8823359608650208},"size":44.663612365722659,"orthographic":false}