{"cameraMode":{"drawMode":0,"name":"Shaded","section":"Shading Mode"},"sceneLighting":true,"audioPlay":false,"sceneViewState":{"m_AlwaysRefresh":true,"showFog":true,"showSkybox":true,"showFlares":true,"showImageEffects":true,"showParticleSystems":true,"showVisualEffectGraphs":true,"m_FxEnabled":true},"in2DMode":false,"pivot":{"x":-187.41314697265626,"y":-39.8173942565918,"z":210.36024475097657},"rotation":{"x":0.07652430981397629,"y":-0.4987640976905823,"z":0.04423070326447487,"w":0.8622482419013977},"size":120.60893249511719,"orthographic":false}