{"cameraMode":{"drawMode":0,"name":"Shaded","section":"Shading Mode"},"sceneLighting":true,"audioPlay":false,"sceneViewState":{"m_AlwaysRefresh":true,"showFog":true,"showSkybox":true,"showFlares":true,"showImageEffects":true,"showParticleSystems":true,"showVisualEffectGraphs":true,"m_FxEnabled":true},"in2DMode":false,"pivot":{"x":194.96987915039063,"y":-40.990203857421878,"z":103.27285766601563},"rotation":{"x":0.3793106973171234,"y":-0.06293951719999314,"z":0.02587166801095009,"w":0.9227731823921204},"size":218.37652587890626,"orthographic":false}