{"cameraMode":{"drawMode":0,"name":"Shaded","section":"Shading Mode"},"sceneLighting":true,"audioPlay":false,"sceneViewState":{"m_AlwaysRefresh":false,"showFog":true,"showSkybox":true,"showFlares":true,"showImageEffects":true,"showParticleSystems":true,"showVisualEffectGraphs":true,"m_FxEnabled":true},"in2DMode":false,"pivot":{"x":41.81511688232422,"y":-199.1777801513672,"z":196.56503295898438},"rotation":{"x":0.3047366142272949,"y":0.01341193076223135,"z":-0.003588383551687002,"w":0.9524888396263123},"size":207.15834045410157,"orthographic":false}