{"cameraMode":{"drawMode":0,"name":"Shaded","section":"Shading Mode"},"sceneLighting":true,"audioPlay":false,"sceneViewState":{"m_AlwaysRefresh":true,"showFog":false,"showSkybox":true,"showFlares":true,"showImageEffects":true,"showParticleSystems":true,"showVisualEffectGraphs":true,"m_FxEnabled":true},"in2DMode":false,"pivot":{"x":119.55101013183594,"y":-128.18528747558595,"z":109.93671417236328},"rotation":{"x":0.33414337038993838,"y":0.5252262949943543,"z":-0.2352113127708435,"w":0.7465757727622986},"size":197.13339233398438,"orthographic":false}