{"cameraMode":{"drawMode":0,"name":"Shaded","section":"Shading Mode"},"sceneLighting":false,"audioPlay":false,"sceneViewState":{"m_AlwaysRefresh":false,"showFog":true,"showSkybox":false,"showFlares":true,"showImageEffects":true,"showParticleSystems":true,"showVisualEffectGraphs":true,"m_FxEnabled":true},"in2DMode":false,"pivot":{"x":34.222129821777347,"y":0.2480780929327011,"z":41.34073257446289},"rotation":{"x":-0.016566844657063485,"y":-0.9431788325309753,"z":0.32907602190971377,"w":-0.04623803123831749},"size":0.9404001832008362,"orthographic":false}