{"cameraMode":{"drawMode":0,"name":"Shaded","section":"Shading Mode"},"sceneLighting":false,"audioPlay":false,"sceneViewState":{"m_AlwaysRefresh":true,"showFog":false,"showSkybox":false,"showFlares":true,"showImageEffects":true,"showParticleSystems":true,"showVisualEffectGraphs":true,"m_FxEnabled":true},"in2DMode":false,"pivot":{"x":0.10277891159057617,"y":0.9194949865341187,"z":0.31453627347946169},"rotation":{"x":0.021848931908607484,"y":0.977448046207428,"z":-0.16608525812625886,"w":0.12858518958091737},"size":1.7346036434173585,"orthographic":false}