{"cameraMode":{"drawMode":0,"name":"Shaded","section":"Shading Mode"},"sceneLighting":false,"audioPlay":false,"sceneViewState":{"m_AlwaysRefresh":false,"showFog":false,"showSkybox":true,"showFlares":true,"showImageEffects":true,"showParticleSystems":true,"showVisualEffectGraphs":true,"m_FxEnabled":true},"in2DMode":false,"pivot":{"x":18.606781005859376,"y":31.450111389160158,"z":51.53453826904297},"rotation":{"x":0.2793430984020233,"y":0.47321054339408877,"z":-0.16213607788085938,"w":0.8197938203811646},"size":100.11688995361328,"orthographic":false}