{"cameraMode":{"drawMode":0,"name":"Shaded","section":"Shading Mode"},"sceneLighting":true,"audioPlay":false,"sceneViewState":{"m_AlwaysRefresh":false,"showFog":false,"showSkybox":true,"showFlares":true,"showImageEffects":true,"showParticleSystems":true,"showVisualEffectGraphs":true,"m_FxEnabled":true},"in2DMode":false,"pivot":{"x":-0.10797122865915299,"y":1.0215692520141602,"z":0.793150007724762},"rotation":{"x":0.01005189772695303,"y":0.9770510792732239,"z":-0.20771600306034089,"w":0.05128573998808861},"size":1.2247447967529297,"orthographic":false}