{"cameraMode":{"drawMode":0,"name":"Shaded","section":"Shading Mode"},"sceneLighting":true,"audioPlay":false,"sceneViewState":{"m_AlwaysRefresh":false,"showFog":false,"showSkybox":true,"showFlares":true,"showImageEffects":true,"showParticleSystems":true,"showVisualEffectGraphs":true,"m_FxEnabled":true},"in2DMode":false,"pivot":{"x":23.872262954711915,"y":30.470413208007814,"z":-2.5443153381347658},"rotation":{"x":0.3093952536582947,"y":-0.49159306287765505,"z":0.19099605083465577,"w":0.7915961146354675},"size":3.244689464569092,"orthographic":false}