{"cameraMode":{"drawMode":0,"name":"Shaded","section":"Shading Mode"},"sceneLighting":false,"audioPlay":false,"sceneViewState":{"m_AlwaysRefresh":false,"showFog":false,"showSkybox":true,"showFlares":true,"showImageEffects":true,"showParticleSystems":true,"showVisualEffectGraphs":true,"m_FxEnabled":true},"in2DMode":false,"pivot":{"x":-0.4779258668422699,"y":-29.43537712097168,"z":29.275178909301759},"rotation":{"x":0.35263562202453616,"y":0.3553433120250702,"z":-0.14741429686546327,"w":0.8531779050827026},"size":49.118350982666019,"orthographic":false}