{"cameraMode":{"drawMode":0,"name":"Shaded","section":"Shading Mode"},"sceneLighting":false,"audioPlay":false,"sceneViewState":{"m_AlwaysRefresh":true,"showFog":false,"showSkybox":false,"showFlares":true,"showImageEffects":true,"showParticleSystems":true,"showVisualEffectGraphs":true,"m_FxEnabled":true},"in2DMode":false,"pivot":{"x":0.3790557384490967,"y":1.7230913639068604,"z":-0.3865305781364441},"rotation":{"x":-0.17252178490161897,"y":0.01595490053296089,"z":-0.0027896245010197164,"w":-0.9848820567131043},"size":3.6000170707702638,"orthographic":false}