{"cameraMode":{"drawMode":0,"name":"Shaded","section":"Shading Mode"},"sceneLighting":false,"audioPlay":false,"sceneViewState":{"m_AlwaysRefresh":true,"showFog":true,"showSkybox":false,"showFlares":true,"showImageEffects":true,"showParticleSystems":true,"showVisualEffectGraphs":true,"m_FxEnabled":true},"in2DMode":false,"pivot":{"x":1.366124153137207,"y":2.9109034538269045,"z":1.751855492591858},"rotation":{"x":-0.01316444855183363,"y":0.9726580381393433,"z":-0.05696576088666916,"w":-0.22477024793624879},"size":0.8139278888702393,"orthographic":false}