{"cameraMode":{"drawMode":0,"name":"Shaded","section":"Shading Mode"},"sceneLighting":false,"audioPlay":false,"sceneViewState":{"m_AlwaysRefresh":false,"showFog":true,"showSkybox":false,"showFlares":true,"showImageEffects":true,"showParticleSystems":true,"showVisualEffectGraphs":true,"m_FxEnabled":true},"in2DMode":false,"pivot":{"x":-0.6031183004379273,"y":0.7805008292198181,"z":0.12875835597515107},"rotation":{"x":0.21262183785438538,"y":-0.016668761149048806,"z":0.0036830666940659286,"w":0.976988673210144},"size":1.7864106893539429,"orthographic":false}