{"cameraMode":{"drawMode":0,"name":"Shaded","section":"Shading Mode"},"sceneLighting":false,"audioPlay":false,"sceneViewState":{"m_AlwaysRefresh":false,"showFog":false,"showSkybox":false,"showFlares":true,"showImageEffects":true,"showParticleSystems":true,"showVisualEffectGraphs":true,"m_FxEnabled":true},"in2DMode":false,"pivot":{"x":0.7567434310913086,"y":2.7598934173583986,"z":0.3654959201812744},"rotation":{"x":-0.03519223630428314,"y":-0.7774444818496704,"z":0.04366600885987282,"w":-0.6265133023262024},"size":7.0560407638549809,"orthographic":false}