{"cameraMode":{"drawMode":0,"name":"Shaded","section":"Shading Mode"},"sceneLighting":false,"audioPlay":false,"sceneViewState":{"m_AlwaysRefresh":false,"showFog":true,"showSkybox":false,"showFlares":true,"showImageEffects":true,"showParticleSystems":true,"showVisualEffectGraphs":true,"m_FxEnabled":true},"in2DMode":false,"pivot":{"x":-6.470136642456055,"y":3.7936744689941408,"z":-12.143057823181153},"rotation":{"x":-0.14678150415420533,"y":-0.002693040296435356,"z":0.000382929400075227,"w":-0.9891935586929321},"size":0.8139407634735107,"orthographic":false}