{"cameraMode":{"drawMode":0,"name":"Shaded","section":"Shading Mode"},"sceneLighting":false,"audioPlay":false,"sceneViewState":{"m_AlwaysRefresh":false,"showFog":true,"showSkybox":false,"showFlares":true,"showImageEffects":true,"showParticleSystems":true,"showVisualEffectGraphs":true,"m_FxEnabled":true},"in2DMode":false,"pivot":{"x":0.0721057653427124,"y":0.3999999761581421,"z":-0.008765578269958496},"rotation":{"x":0.11746316403150559,"y":0.4145965278148651,"z":-0.0539734773337841,"w":0.9008742570877075},"size":1.683682918548584,"orthographic":false}